City,Lat,Lng,Max Temp,Humidity,Cloudiness,Wind Speed,Country,Date
clyde river,70.4692,-68.5914,269.15,86,90,4.12,CA,1620954833
katsuura,35.1333,140.3,296.48,73,75,2.06,JP,1620954834
bethel,41.3712,-73.414,285.93,50,1,2.06,US,1620954835
tuktoyaktuk,69.4541,-133.0374,268.15,80,75,7.72,CA,1620955051
ostersund,63.1792,14.6357,279.26,100,40,2.57,SE,1620955053
winneba,5.3511,-0.6231,300.15,89,0,3.09,GH,1620955054
punta arenas,-53.15,-70.9167,278.15,81,75,2.06,CL,1620955054
salalah,17.0151,54.0924,301.15,89,20,1.03,OM,1620955055
faanui,-16.4833,-151.75,300.69,78,100,7.33,PF,1620955056
kargasok,59.0556,80.8572,277.95,57,17,5.88,RU,1620955057
ushuaia,-54.8,-68.3,279.15,61,0,2.57,AR,1620955058
vaini,-21.2,-175.2,298.15,73,75,3.09,TO,1620955059
barrow,71.2906,-156.7887,265.15,79,90,5.66,US,1620954972
bogorodskoye,56.55,37.8833,281.06,96,56,2.74,RU,1620955060
atar,20.5169,-13.0499,300.63,15,0,4.27,MR,1620955061
constitucion,-35.3333,-72.4167,285.89,64,38,2.4,CL,1620955062
aginskoye,51.1,114.53,280.39,31,0,6.8,RU,1620955063
bambous virieux,-20.3428,57.7575,298.15,78,40,5.14,MU,1620955063
yellowknife,62.456,-114.3525,271.15,86,90,7.72,CA,1620954916
albany,42.6001,-73.9662,286.15,47,20,3.09,US,1620955068
key west,24.5557,-81.7826,302.15,70,1,4.12,US,1620954967
mataura,-46.1927,168.8643,282.59,70,74,2.68,NZ,1620955069
puerto ayacucho,5.6639,-67.6236,298.59,80,87,2.25,VE,1620955070
puerto ayora,-0.7393,-90.3518,297.59,93,74,2.24,EC,1620955071
maumere,-8.6199,122.2111,301.81,67,44,2.33,ID,1620955072
jamestown,42.097,-79.2353,284.15,40,1,2.06,US,1620955072
qaanaaq,77.484,-69.3632,272.59,86,100,3.14,GL,1620955073
kapaa,22.0752,-159.319,298.71,83,75,9.26,US,1620954918
hanyang,32.1371,105.5126,291.33,92,100,0.99,CN,1620955075
moerai,-22.4333,-151.3333,298.75,88,100,5.32,PF,1620955075
norman wells,65.282,-126.8329,280.15,53,75,8.75,CA,1620955076
abdulino,53.7,53.6667,288.7,51,18,2.8,RU,1620955077
klaipeda,55.7172,21.1175,281.15,87,75,3.6,LT,1620955078
carauari,-4.8828,-66.8958,296.14,98,59,0.8,BR,1620955079
ponta do sol,32.6667,-17.1,293.15,42,20,6.69,PT,1620955080
north bend,43.4065,-124.2243,285.37,87,90,6.69,US,1620955081
carnarvon,-24.8667,113.6333,297.15,57,6,4.63,AU,1620955082
asasa,7.1,39.2,284.86,83,98,1.01,ET,1620955083
novikovo,51.1537,37.8879,284.87,93,41,2.61,RU,1620955083
victoria,22.2855,114.1577,303.71,79,99,0.45,HK,1620955066
goderich,43.7501,-81.7165,282.15,53,0,1.54,CA,1620955085
leh,34.1667,77.5833,276.59,61,99,1.63,IN,1620955086
aleksandrovsk-sakhalinskiy,50.8975,142.1561,281.51,77,100,0.57,RU,1620955087
ribeira grande,38.5167,-28.7,291.02,94,99,5.14,PT,1620955089
najran,17.4924,44.1277,302.15,18,0,3.09,SA,1620955089
dunedin,-45.8742,170.5036,284.82,61,95,11.62,NZ,1620955090
rikitea,-23.1203,-134.9692,297.12,79,98,3.22,PF,1620955091
nanning,22.8167,108.3167,302.15,74,40,3.0,CN,1620955092
hilo,19.7297,-155.09,299.15,73,90,3.6,US,1620954803
hobart,-42.8794,147.3294,284.15,50,75,5.14,AU,1620955044
bac lieu,9.285,105.7244,303.67,63,99,2.39,VN,1620955094
belmonte,-15.8631,-38.8828,295.15,83,20,2.57,BR,1620955095
hermanus,-34.4187,19.2345,287.04,85,0,1.47,ZA,1620955095
santa rosa,14.3122,121.1114,305.37,58,40,3.6,PH,1620955096
moree,-29.4667,149.85,291.15,52,0,4.63,AU,1620955097
port hardy,50.6996,-127.4199,287.15,67,75,4.12,CA,1620954916
esperance,-33.8667,121.9,285.15,94,90,1.54,AU,1620955099
chuy,-33.6971,-53.4616,284.03,77,94,2.24,UY,1620955100
chokurdakh,70.6333,147.9167,265.09,87,96,1.06,RU,1620955101
mersing,2.4312,103.8405,300.15,89,40,3.09,MY,1620955102
upernavik,72.7868,-56.1549,273.22,81,100,4.11,GL,1620954813
lagoa vermelha,-28.2086,-51.5258,281.4,66,54,1.75,BR,1620955103
nyuksenitsa,60.4128,44.2397,287.43,94,100,2.93,RU,1620955105
butaritari,3.0707,172.7902,300.93,79,29,5.5,KI,1620955105
souillac,-20.5167,57.5167,297.15,78,40,5.14,MU,1620955107
sabya,17.1495,42.6254,304.15,79,0,2.57,SA,1620955107
pemangkat,1.1667,108.9667,300.47,81,99,2.26,ID,1620955108
bandundu,-3.3167,17.3667,297.21,75,100,0.99,CD,1620955109
vershino-darasunskiy,52.35,115.5167,277.72,58,100,3.18,RU,1620955110
olonets,60.9847,32.9698,285.32,88,100,5.05,RU,1620955111
havre-saint-pierre,50.2334,-63.5986,276.15,81,40,2.06,CA,1620955111
lensk,60.7253,114.9278,284.59,37,8,2.08,RU,1620955113
kaitangata,-46.2817,169.8464,285.93,49,99,1.79,NZ,1620955114
ewa beach,21.3156,-158.0072,302.15,51,75,5.14,US,1620954972
isangel,-19.55,169.2667,299.15,83,90,4.12,VU,1620955115
bredasdorp,-34.5322,20.0403,283.15,93,0,2.57,ZA,1620955116
kruisfontein,-34.0033,24.7314,284.26,90,0,1.51,ZA,1620955117
san patricio,28.017,-97.5169,298.15,73,75,4.12,US,1620955118
rosita,13.9268,-84.4032,297.11,94,13,1.22,NI,1620955118
a coruna,43.3713,-8.396,285.37,100,40,2.57,ES,1620955119
tunoshna,57.5459,40.1254,284.15,87,0,2.0,RU,1620955121
vanimo,-2.6741,141.3028,303.02,67,63,3.39,PG,1620955122
chernyshevskiy,63.0128,112.4714,282.74,43,70,3.47,RU,1620955122
saint-leu,-21.15,55.2833,296.15,68,0,3.09,RE,1620955123
lusambo,-4.9667,23.45,293.14,81,5,0.61,CD,1620955124
kavieng,-2.5744,150.7967,303.38,67,9,6.29,PG,1620955125
hobyo,5.3505,48.5268,300.12,78,64,10.24,SO,1620955126
camacha,33.0833,-16.3333,291.15,77,20,4.63,PT,1620955126
saskylakh,71.9167,114.0833,271.39,89,88,1.07,RU,1620955127
omboue,-1.5746,9.2618,298.54,87,99,0.75,GA,1620955128
charters towers,-20.1,146.2667,299.43,44,0,3.49,AU,1620955129
longonjo,-12.9067,15.2533,287.52,68,0,1.32,AO,1620955130
seminole,28.7086,-81.2081,294.82,83,90,5.66,US,1620955131
tyrma,50.0833,132.1667,285.83,68,100,0.34,RU,1620955131
carmo,-21.9336,-42.6086,289.55,90,78,1.28,BR,1620955132
santa cruz,-17.8,-63.1667,291.77,66,74,1.7,BO,1620955133
saint-philippe,-21.3585,55.7679,296.15,68,0,3.09,RE,1620955134
nador,35.174,-2.9287,293.15,52,0,6.69,MA,1620955135
chulman,56.8479,124.9104,275.71,99,100,1.97,RU,1620955135
sitrah,26.1547,50.6206,305.15,37,0,2.57,BH,1620954963
ledyard,41.4398,-72.0142,287.04,58,1,1.54,US,1620955006
grindavik,63.8424,-22.4338,276.15,81,75,2.57,IS,1620955138
florida,28.7505,-82.5001,292.04,88,90,3.6,US,1620954877
valparaiso,-33.0393,-71.6273,287.04,94,0,1.54,CL,1620954876
minab,27.1467,57.0801,302.15,61,20,2.06,IR,1620955140
nargana,9.4428,-78.5906,300.13,87,100,3.74,PA,1620955140
pascagoula,30.3658,-88.5561,293.15,83,1,4.06,US,1620955141
ancud,-41.8697,-73.8203,283.71,100,90,2.06,CL,1620955142
mar del plata,-38.0023,-57.5575,288.15,100,100,2.04,AR,1620954900
khatanga,71.9667,102.5,269.68,92,100,1.98,RU,1620955144
cape town,-33.9258,18.4232,287.04,93,0,1.54,ZA,1620954954
inverell,-29.7833,151.1167,291.48,60,0,3.58,AU,1620955146
lompoc,34.6391,-120.4579,287.15,72,11,5.66,US,1620955146
nome,64.5011,-165.4064,287.04,66,1,3.09,US,1620955147
namibe,-15.1961,12.1522,298.04,62,3,1.67,AO,1620955148
pahrump,36.2083,-115.9839,307.59,7,0,1.34,US,1620955149
nanortalik,60.1432,-45.2371,277.97,67,100,2.36,GL,1620955150
tasiilaq,65.6145,-37.6368,272.15,64,9,3.09,GL,1620955151
majene,-3.5403,118.9707,301.39,78,99,4.29,ID,1620955152
east london,-33.0153,27.9116,289.59,68,0,0.87,ZA,1620955153
port alfred,-33.5906,26.891,288.56,82,0,1.69,ZA,1620955154
severo-kurilsk,50.6789,156.125,277.31,64,3,4.4,RU,1620955155
yarada,17.65,83.2667,302.15,94,75,1.03,IN,1620955156
kasongo-lunda,-6.4667,16.8167,293.54,82,31,1.05,CD,1620955157
vyazemskiy,47.5378,134.7525,291.28,45,8,3.02,RU,1620955157
mercedes,-34.6515,-59.4307,283.15,63,100,0.89,AR,1620955159
nyurba,63.2842,118.3319,285.72,35,70,2.92,RU,1620955160
marawi,7.9986,124.2928,305.37,70,100,0.93,PH,1620955160
kodiak,57.79,-152.4072,281.15,71,90,5.66,US,1620955161
port-cartier,50.0334,-66.8654,283.15,57,75,3.6,CA,1620955162
busselton,-33.65,115.3333,287.04,77,100,2.68,AU,1620955163
villarrica,-25.75,-56.4333,287.41,70,100,2.23,PY,1620955164
atuona,-9.8,-139.0333,299.66,79,23,8.1,PF,1620955165
bluff,-46.6,168.3333,282.59,70,100,2.68,NZ,1620955165
berlevag,70.8578,29.0864,274.68,68,99,6.09,NO,1620955166
mancio lima,-7.6142,-72.8958,295.83,98,74,0.6,BR,1620955167
manitouwadge,49.1215,-85.8403,279.15,70,84,1.03,CA,1620955168
mahebourg,-20.4081,57.7,297.15,78,40,5.14,MU,1620955168
auburn,47.3073,-122.2284,296.48,30,40,6.69,US,1620954917
vila,42.0304,-8.1588,281.48,93,80,0.45,PT,1620955170
nikolskoye,59.7035,30.7861,287.04,71,100,1.0,RU,1620955171
marsh harbour,26.5412,-77.0636,299.57,77,100,4.18,BS,1620955171
olafsvik,64.8945,-23.7142,277.86,68,67,2.21,IS,1620955172
georgetown,5.4112,100.3354,302.59,89,20,2.18,MY,1620955173
thinadhoo,0.5333,72.9333,301.85,73,33,6.13,MV,1620955174
kondinskoye,59.6481,67.41,284.94,63,100,3.41,RU,1620955174
thompson,55.7435,-97.8558,283.15,46,20,6.17,CA,1620955175
cidreira,-30.1811,-50.2056,287.26,66,45,1.0,BR,1620955177
gangapur,26.4833,76.7167,301.61,36,14,2.08,IN,1620955177
huambo,-12.7761,15.7392,285.14,73,0,0.43,AO,1620955178
japura,-0.3167,102.35,298.91,91,99,0.75,ID,1620955179
griffith,41.5284,-87.4237,289.26,31,1,2.06,US,1620955181
college,64.8569,-147.8028,290.37,36,75,3.6,US,1620954969
chicama,-7.8447,-79.1469,291.15,88,6,4.12,PE,1620955182
ondjiva,-17.0667,15.7333,287.17,46,5,1.76,AO,1620955183
eureka,40.8021,-124.1637,284.26,88,88,1.79,US,1620955184
hambantota,6.1241,81.1185,299.15,83,75,3.09,LK,1620955185
basoko,1.2391,23.616,295.5,95,100,1.58,CD,1620955186
hofn,64.2539,-15.2082,276.51,68,93,3.62,IS,1620955187
naryan-mar,67.6713,53.087,279.44,79,12,3.14,RU,1620955188
kochkurovo,54.0358,45.4184,286.15,91,99,1.12,RU,1620955189
rocha,-34.4833,-54.3333,282.97,80,100,1.83,UY,1620955189
coihaique,-45.5752,-72.0662,278.15,81,0,3.6,CL,1620955092
pangnirtung,66.1451,-65.7125,269.92,98,98,0.93,CA,1620955191
yar-sale,66.8333,70.8333,273.74,89,100,8.09,RU,1620955192
kempsey,-31.0833,152.8333,294.82,54,0,1.79,AU,1620955192
liverpool,53.4106,-2.9779,283.15,87,100,2.06,GB,1620955193
omsukchan,62.5333,155.8,271.38,94,100,2.91,RU,1620955194
alassio,44.0039,8.1671,288.71,89,100,0.45,IT,1620955195
castro,-24.7911,-50.0119,285.26,78,83,2.06,BR,1620955196
faya,18.3851,42.4509,295.15,37,40,2.06,SA,1620955196
talnakh,69.4865,88.3972,268.16,93,64,4.31,RU,1620955197
hamilton,39.1834,-84.5333,288.15,54,1,0.62,US,1620955144
auray,47.6703,-2.9918,282.59,93,0,3.09,FR,1620955199
lages,-27.8161,-50.3261,279.78,91,4,1.17,BR,1620955200
qostanay,53.1667,63.5833,286.15,76,0,2.0,KZ,1620955200
luanda,-8.8368,13.2343,298.15,94,75,1.03,AO,1620955113
garissa,-0.4536,39.6401,297.29,76,100,6.29,KE,1620955202
marabba,12.35,32.1833,303.37,45,14,3.07,SD,1620955204
caravelas,-17.7125,-39.2481,296.46,76,31,5.25,BR,1620955205
longyearbyen,78.2186,15.6401,271.15,74,75,6.17,SJ,1620954911
spearfish,44.4908,-103.8594,287.59,81,1,3.6,US,1620954923
lebu,-37.6167,-73.65,285.46,94,100,1.22,CL,1620955207
gat,31.61,34.7642,290.93,84,0,0.69,IL,1620955131
provideniya,64.3833,-173.3,278.15,65,0,5.0,RU,1620955208
cabo san lucas,22.8909,-109.9124,306.48,29,1,5.14,MX,1620955023
yuxia,34.0615,108.6291,295.15,73,57,7.0,CN,1620955210
cherskiy,68.75,161.3,274.61,84,94,1.96,RU,1620955211
buraydah,26.326,43.975,300.15,26,0,3.09,SA,1620955213
codrington,-38.2667,141.9667,285.09,66,100,7.03,AU,1620955213
edson,53.5835,-116.4356,291.15,22,40,2.57,CA,1620955214
tiksi,71.6872,128.8694,272.99,89,100,2.42,RU,1620955215
birao,10.2849,22.7882,300.57,53,67,2.42,CF,1620955216
ojinaga,29.5667,-104.4167,302.15,30,40,6.17,MX,1620955217
ornskoldsvik,63.2909,18.7153,283.15,81,25,3.09,SE,1620955218
aklavik,68.2191,-135.0107,277.15,52,100,3.09,CA,1620955219
margate,51.3813,1.3862,282.04,83,19,4.38,GB,1620954925
padang,-0.9492,100.3543,299.15,94,40,2.06,ID,1620955220
ossora,59.2353,163.0719,274.12,86,10,0.8,RU,1620955221
karaton,-6.3424,106.1045,303.71,79,20,2.06,ID,1620955222
afua,-0.1567,-50.3867,296.69,96,100,1.48,BR,1620955223
miles city,46.4083,-105.8406,290.15,42,90,1.74,US,1620955224
jutai,-5.1833,-68.9,296.31,98,98,1.02,BR,1620955225
mao,39.8885,4.2658,289.15,88,0,3.09,ES,1620955225
arraial do cabo,-22.9661,-42.0278,292.15,100,90,1.03,BR,1620955226
xining,36.6167,101.7667,283.48,67,100,4.84,CN,1620955228
strezhevoy,60.7333,77.5889,275.15,80,0,1.0,RU,1620955228
namatanai,-3.6667,152.4333,303.24,66,4,4.17,PG,1620955229
valkla,59.4744,25.3186,284.26,66,0,2.06,EE,1620955230
dikson,73.5069,80.5464,267.82,87,100,0.55,RU,1620955231
flinders,-34.5833,150.8552,291.48,46,0,4.02,AU,1620955232
sinnamary,5.3833,-52.95,298.38,88,94,4.23,GF,1620955233
price,39.5994,-110.8107,298.15,10,1,6.17,US,1620955233
geraldton,-28.7667,114.6,298.15,36,42,9.77,AU,1620955234
guayaquil,-2.1667,-79.9,298.15,78,75,5.14,EC,1620955146
suez,29.9737,32.5263,291.8,71,0,4.78,EG,1620955236
tura,25.5198,90.2201,294.64,91,27,1.6,IN,1620955237
arinos,-15.9169,-46.1056,293.77,53,0,0.82,BR,1620955237
andenes,69.3143,16.1194,276.15,81,90,15.95,NO,1620955238
norrkoping,58.5942,16.1826,283.15,81,20,1.54,SE,1620955239
narsaq,60.9167,-46.05,280.15,31,20,8.23,GL,1620955240
vardo,70.3705,31.1107,275.51,73,100,8.09,NO,1620955241
gouyave,12.1646,-61.7296,298.15,88,75,7.2,GD,1620955242
muros,42.7762,-9.0603,280.37,95,23,2.03,ES,1620955242
sur,22.5667,59.5289,305.45,42,94,4.51,OM,1620955243
priboj,44.6028,18.9314,283.71,93,20,1.03,BA,1620955244
maracacume,-2.0428,-45.9592,296.68,96,100,1.06,BR,1620955245
saint george,37.1041,-113.5841,307.04,7,1,8.23,US,1620955134
turinsk,58.0458,63.696,288.8,68,43,2.45,RU,1620955246
tagusao,9.1924,117.8141,303.1,67,74,2.29,PH,1620955247
hithadhoo,-0.6,73.0833,300.51,80,94,6.66,MV,1620955248
mecca,21.4267,39.8261,301.61,29,0,2.43,SA,1620955249
belaya gora,68.5333,146.4167,270.99,85,100,1.17,RU,1620955250
koson,39.0375,65.585,292.15,45,0,3.09,UZ,1620955250
cabra,37.4725,-4.4421,289.15,77,0,2.06,ES,1620955251
port hedland,-20.3167,118.5667,301.15,24,0,10.29,AU,1620955252
keuruu,62.2667,24.7,283.71,93,0,2.06,FI,1620955253
nioro,13.35,-15.75,299.24,49,62,4.3,GM,1620955088
kindu,-2.95,25.95,293.81,89,8,1.25,CD,1620955254
laguna,38.421,-121.4238,302.04,32,1,5.14,US,1620955255
yichun,47.7,128.9,293.09,23,49,4.93,CN,1620955256
ukmerge,55.25,24.75,283.15,87,90,4.12,LT,1620955257
ambilobe,-13.2,49.05,293.11,90,20,1.38,MG,1620955258
muzhi,65.3667,64.6667,286.16,70,46,6.19,RU,1620955259
mattawa,46.7379,-119.9028,293.71,31,100,3.13,US,1620955259
wanning,18.8003,110.3967,303.4,72,40,5.46,CN,1620955260
longkou,37.6508,120.3286,291.18,68,100,4.45,CN,1620955148
sambava,-14.2667,50.1667,295.67,81,40,4.41,MG,1620955262
tezu,27.9167,96.1667,292.18,98,100,1.18,IN,1620955263
iskateley,67.6803,53.1512,279.38,79,12,3.13,RU,1620955263
havelock,34.8791,-76.9013,289.82,52,4,3.7,US,1620955264
pacific grove,36.6177,-121.9166,287.15,72,90,4.12,US,1620955265
uruzgan,32.8333,66.0,290.4,23,0,2.73,AF,1620955266
ariquemes,-9.9133,-63.0408,296.02,87,100,0.78,BR,1620955267
richards bay,-28.783,32.0377,290.66,62,0,2.85,ZA,1620955268
chaman,30.9236,66.4512,294.12,15,0,2.59,PK,1620955269
bakurianis andeziti,41.7337,43.4724,283.16,74,0,3.61,GE,1620955270
wattegama,6.7989,81.4808,299.15,83,75,3.09,LK,1620955271
salekhard,66.53,66.6019,278.82,71,100,3.27,RU,1620955272
batagay,67.6333,134.6333,278.78,41,100,2.92,RU,1620955273
vila franca do campo,37.7167,-25.4333,290.15,94,75,5.14,PT,1620955274
road town,18.4167,-64.6167,300.15,78,40,5.14,VG,1620955274
new norfolk,-42.7826,147.0587,282.59,72,94,1.79,AU,1620955275
baturaja,-4.1333,104.1667,299.07,87,100,0.95,ID,1620955276
roald,62.5833,6.1333,280.37,93,90,7.2,NO,1620955277
labuhan,-6.8844,112.2051,300.34,76,93,3.05,ID,1620955278
wencheng,33.0559,113.7978,293.88,94,100,1.74,CN,1620955279
sandwick,60.0,-1.25,280.15,87,75,4.12,GB,1620955279
itupiranga,-5.1347,-49.3267,297.29,84,98,1.54,BR,1620955280
mount gambier,-37.8333,140.7667,284.15,82,40,9.77,AU,1620955240
preobrazheniye,42.9019,133.9064,289.56,52,28,2.98,RU,1620955282
vung tau,10.346,107.0843,303.11,70,73,5.11,VN,1620955283
yokadouma,3.5167,15.05,293.73,99,100,0.87,CM,1620955284
yangjiang,21.85,111.9667,301.83,78,100,4.7,CN,1620955285
tupelo,34.2576,-88.7034,291.15,42,1,2.06,US,1620955285
colares,38.7992,-9.4469,288.71,88,6,6.09,PT,1620955286
wahpeton,46.2652,-96.6059,291.15,34,1,6.69,US,1620955288
bairiki,1.3292,172.9752,303.15,74,20,3.6,KI,1620955289
kenitra,34.261,-6.5802,286.15,94,75,0.57,MA,1620955289
ivybridge,50.3904,-3.9191,282.59,96,100,0.45,GB,1620955290
kidal,18.4411,1.4078,307.51,8,48,1.94,ML,1620955291
labytnangi,66.6572,66.4183,277.48,71,96,2.01,RU,1620955292
breves,-1.6822,-50.4803,296.83,97,100,2.76,BR,1620955293
paamiut,61.994,-49.6678,276.95,73,100,4.42,GL,1620955293
tuy hoa,13.0833,109.3,303.32,68,57,1.03,VN,1620955294
urumqi,43.801,87.6005,289.15,36,0,3.0,CN,1620955212
tiznit,29.5833,-9.5,292.63,54,100,0.86,MA,1620955296
port lincoln,-34.7333,135.8667,288.21,63,100,7.07,AU,1620955228
cururupu,-1.8283,-44.8683,296.95,94,96,1.05,BR,1620955297
westport,41.1415,-73.3579,288.71,58,1,3.6,US,1620955298
verkhnevilyuysk,63.4453,120.3167,285.9,32,68,2.23,RU,1620955299
dwarka,22.2394,68.9678,301.21,77,100,6.25,IN,1620955299
uchkeken,43.9378,42.5117,283.15,87,5,1.0,RU,1620955300
morristown,36.214,-83.2949,288.15,41,1,1.54,US,1620955301
port-gentil,-0.7193,8.7815,300.63,78,100,3.22,GA,1620955302
ourossogui,15.6064,-13.3211,308.15,26,0,3.09,SN,1620955303
hualmay,-11.0964,-77.6139,291.97,84,6,3.89,PE,1620955303
bitung,1.4451,125.1824,305.15,58,20,4.12,ID,1620955296
touros,-5.1989,-35.4608,297.15,94,75,1.03,BR,1620955305
bengkulu,-3.8004,102.2655,299.21,83,97,0.97,ID,1620955306
xinzhi,36.4989,111.7047,296.82,58,70,1.91,CN,1620955307
avera,33.194,-82.5271,288.15,72,1,2.24,US,1620955307
coahuayana,18.7333,-103.6833,301.46,65,10,1.1,MX,1620955308
maki,37.75,138.8833,297.04,82,75,2.06,JP,1620955309
solnechnyy,50.7214,136.6319,285.1,71,96,1.45,RU,1620955310
langham,52.3668,-106.9679,293.15,22,75,3.09,CA,1620955311
shakawe,-18.3667,21.85,287.15,49,1,1.81,BW,1620955311
gravdal,68.1214,13.5031,276.55,79,43,9.66,NO,1620955312
san policarpo,12.1791,125.5072,301.53,83,77,5.72,PH,1620955313
santa isabel do rio negro,-0.4139,-65.0192,296.14,99,100,1.24,BR,1620955314
port macquarie,-31.4333,152.9167,294.82,54,0,1.79,AU,1620955315
ilulissat,69.2167,-51.1,274.15,69,20,2.06,GL,1620955316
the valley,18.217,-63.0578,300.15,78,40,5.14,AI,1620955317
waddan,29.1614,16.139,293.1,51,19,3.32,LY,1620955318
lata,40.1629,-8.3327,285.37,91,99,0.45,PT,1620955319
acapulco,16.8634,-99.8901,303.15,74,75,1.65,MX,1620955320
sydney,-33.8679,151.2073,292.04,34,0,8.75,AU,1620954849
necochea,-38.5473,-58.7368,286.11,75,94,3.16,AR,1620955321
luderitz,-26.6481,15.1594,292.39,40,0,0.74,NA,1620955322
inta,66.0317,60.1659,286.54,75,1,6.76,RU,1620955323
kathu,7.9178,98.3332,304.26,89,20,1.54,TH,1620955324
hasaki,35.7333,140.8333,296.48,68,75,3.6,JP,1620955325
itarema,-2.9248,-39.9167,298.06,90,97,4.79,BR,1620955326
ust-nera,64.5667,143.2,273.39,64,94,1.08,RU,1620955327
la tuque,47.4334,-72.7824,283.15,71,47,1.54,CA,1620955327
sao filipe,14.8961,-24.4956,296.65,76,9,2.17,CV,1620955329
atasu,48.6814,71.6433,285.69,79,68,2.01,KZ,1620955330
san juan,-31.5375,-68.5364,289.27,45,5,2.22,AR,1620955200
birobidzhan,48.8,132.95,288.99,58,97,1.17,RU,1620955306
mount isa,-20.7333,139.5,297.15,15,0,5.66,AU,1620955332
foeni,47.7,22.3833,286.15,88,75,2.06,RO,1620955333
flin flon,54.7682,-101.865,289.88,30,49,3.31,CA,1620955333
locri,38.2414,16.2623,287.15,72,0,1.54,IT,1620955334
sidi ali,36.0998,0.4206,289.56,56,3,3.35,DZ,1620955335
pokhara,28.2333,83.9833,292.01,71,87,0.75,NP,1620954902
dalhousie,32.5333,75.9833,283.0,53,5,3.65,IN,1620955336
novo aripuana,-5.1206,-60.3797,295.85,97,100,0.81,BR,1620955337
matay,28.419,30.7792,295.47,38,0,4.82,EG,1620955338
santa lucia,27.9117,-15.5407,292.15,68,20,11.83,ES,1620955339
panaba,21.2833,-88.2667,301.09,66,100,3.95,MX,1620955340
dakar,14.6937,-17.4441,295.15,83,0,6.17,SN,1620954612
dingle,10.9995,122.6711,303.74,63,48,6.25,PH,1620955341
sorland,67.667,12.6934,277.39,80,36,11.69,NO,1620955342
colesberg,-30.72,25.0972,286.36,35,0,2.61,ZA,1620955343
nyimba,-14.5566,30.8149,287.6,81,1,1.38,ZM,1620955344
lethem,3.3803,-59.7968,296.34,95,100,2.41,GY,1620955344
felipe carrillo puerto,19.5833,-88.05,299.91,68,99,3.23,MX,1620955345
vila do maio,15.1333,-23.2167,296.15,68,0,3.09,CV,1620955346
panguna,-6.3164,155.4848,301.61,55,71,1.7,PG,1620955347
borogontsy,62.6683,131.1683,284.94,39,84,0.6,RU,1620955348
hovd,48.0056,91.6419,281.59,47,38,1.33,MN,1620955348
arlit,18.7369,7.3853,306.3,9,100,4.54,NE,1620955349
moyale,3.5167,39.0584,291.72,80,64,2.13,KE,1620955099
byron bay,-28.65,153.6167,293.15,52,0,5.14,AU,1620955300
santa maria del oro,25.9333,-105.3667,292.1,64,57,2.21,MX,1620955351
okha,53.5739,142.9478,274.78,95,100,3.95,RU,1620955352
mendoza,-32.8908,-68.8272,285.15,76,0,0.48,AR,1620955144
tarakan,3.3,117.6333,301.15,94,40,1.54,ID,1620955074
alofi,-19.0595,-169.9187,300.15,78,75,6.17,NU,1620955348
mogzon,51.7435,111.9606,276.93,60,98,4.46,RU,1620955355
kupang,-10.1667,123.5833,302.15,65,20,9.26,ID,1620955355
elko,41.0002,-115.5012,298.71,8,8,7.15,US,1620955356
sao joao da barra,-21.6403,-41.0511,292.72,84,9,4.14,BR,1620955342
saldanha,-33.0117,17.9442,284.15,76,87,2.14,ZA,1620955214
denizli,37.8402,29.0698,288.15,47,0,2.57,TR,1620955358
kysyl-syr,63.8986,122.7617,285.26,31,58,1.22,RU,1620955359
sawtell,-30.3833,153.1,293.15,45,0,1.03,AU,1620955360
kamenka,51.3223,42.7678,287.34,90,100,3.13,RU,1620955361
mae hong son,19.3003,97.9685,300.15,89,20,1.03,TH,1620955362
sao gabriel,-30.3364,-54.32,284.56,62,100,1.69,BR,1620955362
carutapera,-1.195,-46.02,297.59,94,100,2.25,BR,1620955363
antalaha,-14.9003,50.2788,295.82,83,38,3.35,MG,1620955365
te anau,-45.4167,167.7167,285.04,61,100,2.68,NZ,1620955368
tawau,4.2498,117.8871,300.15,94,20,1.03,MY,1620955369
campechuela,20.2342,-77.2789,299.17,82,4,3.15,CU,1620955370
paita,-5.0892,-81.1144,294.22,79,1,6.6,PE,1620955371
matagami,49.7502,-77.6328,287.15,44,40,1.54,CA,1620955133
kavaratti,10.5669,72.642,300.79,85,100,15.73,IN,1620955372
humberto de campos,-2.5983,-43.4611,297.34,92,87,2.01,BR,1620955373
marsabit,2.3284,37.9899,290.14,84,48,6.95,KE,1620955083
iqaluit,63.7506,-68.5145,271.15,74,90,4.12,CA,1620955374
port elizabeth,-33.918,25.5701,285.15,87,0,2.57,ZA,1620955244
pevek,69.7008,170.3133,272.04,85,33,4.04,RU,1620955376
buloh kasap,2.5536,102.764,298.15,94,20,1.03,MY,1620955377
karratha,-20.7377,116.8463,299.61,29,5,9.21,AU,1620955378
avarua,-21.2078,-159.775,300.15,74,20,1.54,CK,1620955379
homer,59.6425,-151.5483,284.15,54,20,5.14,US,1620955380
beni,0.5,29.4667,289.77,98,39,1.17,CD,1620955381
cozumel,20.5083,-86.9458,301.48,78,75,2.57,MX,1620955382
diego de almagro,-26.3667,-70.05,291.61,43,0,0.78,CL,1620955288
klaksvik,62.2266,-6.589,277.15,87,75,3.6,FO,1620955383
hami,42.8,93.45,287.59,39,97,2.48,CN,1620955384
ocos,14.5094,-92.1933,302.15,89,75,1.54,GT,1620955385
elizabeth city,36.2946,-76.2511,287.15,62,1,3.6,US,1620955385
san cristobal,7.7669,-72.225,301.15,74,20,1.54,VE,1620955386
tevaitoa,-16.7833,-151.5,300.71,77,100,7.43,PF,1620955388
makat,47.6469,53.3463,292.16,20,0,4.99,KZ,1620955388
chadiza,-14.0678,32.4392,285.95,83,26,1.24,ZM,1620955389
husavik,66.0449,-17.3389,272.15,93,0,1.03,IS,1620955390
huarmey,-10.0681,-78.1522,292.74,84,7,3.8,PE,1620955391
araouane,18.9048,-3.5265,304.15,9,0,5.01,ML,1620955392
goya,-29.14,-59.2626,284.46,61,98,2.56,AR,1620955393
bandarbeyla,9.4942,50.8122,302.74,63,100,9.99,SO,1620955393
fukue,32.6881,128.8419,295.15,83,75,4.12,JP,1620955394
babushkin,51.7122,105.8647,277.45,56,19,5.22,RU,1620955395
rassvet,46.8333,40.75,288.47,86,3,2.0,RU,1620955396
lardos,36.0942,28.0157,290.15,72,0,1.33,GR,1620955397
deputatskiy,69.3,139.9,269.28,80,78,1.15,RU,1620955397
christchurch,-43.5333,172.6333,286.48,54,3,11.32,NZ,1620955321
tambura,5.6,27.4667,293.48,95,100,0.82,SS,1620955399
portland,45.5234,-122.6762,298.15,35,75,6.17,US,1620954974
manokwari,-0.8667,134.0833,301.54,73,10,1.29,ID,1620955266
chumikan,54.7183,135.315,275.37,92,100,0.68,RU,1620955401
boromo,11.75,-2.9333,304.61,39,99,5.46,BF,1620955402
new amsterdam,6.25,-57.5167,296.64,95,53,1.94,GY,1620955403
hinton,53.4001,-117.5857,291.15,20,94,1.54,CA,1620955404
silvassa,20.2667,73.0167,299.19,73,0,1.41,IN,1620955405
rio grande,-32.035,-52.0986,286.63,66,100,2.31,BR,1620955406
asau,46.4333,26.4,283.71,66,100,2.12,RO,1620955407
sept-iles,50.2001,-66.3821,283.15,57,75,3.6,CA,1620955347
evensk,61.95,159.2333,275.11,70,100,2.75,RU,1620955408
aquiraz,-3.9014,-38.3911,298.15,94,75,5.14,BR,1620955409
taoudenni,22.6783,-3.9836,305.69,8,0,2.87,ML,1620955410
vrangel,42.7297,133.0839,286.0,68,85,3.84,RU,1620955411
quarai,-30.3875,-56.4514,284.3,61,98,3.41,BR,1620955412
tuatapere,-46.1333,167.6833,282.59,71,100,2.24,NZ,1620955413
petropavlovsk-kamchatskiy,53.0452,158.6483,286.15,26,1,5.0,RU,1620955413
ormara,25.2088,64.6357,301.36,77,0,5.66,PK,1620955414
espanola,35.9911,-106.0806,297.04,9,1,5.66,US,1620955298
teya,60.3778,92.6267,279.52,89,100,4.47,RU,1620955416
hay river,60.8156,-115.7999,274.15,93,100,6.17,CA,1620955417
kutum,14.2,24.6667,296.66,50,9,2.67,SD,1620955418
pingliang,35.5392,106.6861,289.39,86,100,0.66,CN,1620955418
inhambane,-23.865,35.3833,291.94,79,0,2.09,MZ,1620955281
san pedro,14.35,121.0167,305.37,58,40,3.6,PH,1620955164
contamana,-7.3333,-75.0167,296.02,97,5,0.6,PE,1620955388
dzerzhinsk,56.2389,43.4631,283.15,100,90,0.31,RU,1620955421
dukat,62.55,155.55,270.57,94,100,2.52,RU,1620955422
boguchany,58.3814,97.4531,283.29,36,64,4.62,RU,1620955423
brokopondo,4.75,-55.1667,297.74,89,100,3.91,SR,1620955424
altamont,42.2068,-121.7372,299.26,17,1,8.23,US,1620955292
weirton,40.419,-80.5895,287.15,35,1,1.76,US,1620955425
skjervoy,70.0311,20.9714,275.44,73,84,6.51,NO,1620955330
ufimskiy,56.7084,58.0517,289.07,65,9,1.06,RU,1620955427
acarau,-2.8856,-40.12,298.34,89,99,4.57,BR,1620955427
kahului,20.8947,-156.47,301.15,54,20,10.29,US,1620955428
semnan,35.5729,53.3971,292.71,51,100,1.67,IR,1620955429
novotroitskaya,45.3267,41.5253,286.82,99,1,3.6,RU,1620955430
yerbogachen,61.2767,108.0108,283.62,37,56,4.07,RU,1620955431
waitati,-45.75,170.5667,284.82,62,91,12.07,NZ,1620955431
coquimbo,-29.9533,-71.3436,286.15,94,0,1.03,CL,1620955271
riyadh,24.6877,46.7219,305.15,17,0,2.06,SA,1620955179
safita,34.8205,36.1153,290.15,88,0,2.06,SY,1620955433
raga,8.4596,25.678,295.59,89,100,1.81,SS,1620955434
rudnogorsk,57.2639,103.7519,281.85,44,7,1.9,RU,1620955435
chake chake,-5.2459,39.7666,297.8,78,100,4.49,TZ,1620955436
torbay,47.6666,-52.7314,279.26,70,75,6.69,CA,1620955437
vanavara,60.34,102.2797,283.53,36,10,4.83,RU,1620955437
svetlaya,46.5389,138.3297,288.72,45,9,2.76,RU,1620955438
egvekinot,66.3167,-179.1667,272.68,99,100,0.78,RU,1620955439
santa fe,-31.6333,-60.7,286.48,80,92,0.45,AR,1620955440
lovozero,68.005,35.0117,276.29,93,100,4.07,RU,1620955441
sassandra,4.95,-6.0833,298.99,80,5,2.44,CI,1620955441
komsomolskiy,40.4272,71.7189,290.15,51,0,3.09,UZ,1620955442
sechura,-5.5569,-80.8222,294.64,72,0,6.99,PE,1620955443
vinh,18.6667,105.6667,302.14,74,11,0.53,VN,1620955444
bikapur,26.6,82.1333,299.94,57,0,3.59,IN,1620955445
kilindoni,-7.9139,39.6668,299.43,74,44,6.25,TZ,1620955446
platanos,37.6667,21.6167,286.15,94,20,1.53,GR,1620955447
salym,60.0625,71.4789,281.41,60,13,2.68,RU,1620955448
quatre cocos,-20.2078,57.7625,298.15,78,40,5.14,MU,1620955449
montlucon,46.3333,2.6,281.48,97,53,3.03,FR,1620955450
bethanien,-26.502,17.1583,290.46,25,0,3.1,NA,1620955451
rincon,32.296,-81.2354,290.15,55,1,2.06,US,1620955451
kenai,60.5544,-151.2583,286.15,44,1,3.6,US,1620955237
palmer,42.1584,-72.3287,284.82,62,1,1.26,US,1620955292
severo-yeniseyskiy,60.3725,93.0408,278.92,83,100,4.36,RU,1620955454
altamira,-3.2033,-52.2064,298.07,81,100,1.17,BR,1620955454
sioux lookout,50.1001,-91.917,291.15,34,75,1.54,CA,1620955455
port shepstone,-30.7414,30.455,292.65,53,0,3.81,ZA,1620955456
languyan,5.2618,120.0807,301.9,78,100,1.67,PH,1620955457
qui nhon,13.7667,109.2333,302.71,72,98,1.94,VN,1620955409
jerantut,3.936,102.3626,298.78,93,70,0.68,MY,1620955458
uige,-7.6087,15.0613,292.48,78,100,1.56,AO,1620955459
oneonta,42.4529,-75.0638,282.59,62,9,0.45,US,1620955192
arica,-18.475,-70.3042,291.15,77,0,0.81,CL,1620955460
plouzane,48.3833,-4.6167,282.15,87,75,4.12,FR,1620955461
bonavista,48.6499,-53.1147,279.26,81,98,2.57,CA,1620955422
juneau,58.3019,-134.4197,281.15,81,90,4.63,US,1620955463
ust-tsilma,65.441,52.1498,286.97,65,8,1.6,RU,1620955463
bilma,18.6853,12.9164,306.0,9,81,3.67,NE,1620955464
poum,-20.2333,164.0167,298.36,74,23,7.17,NC,1620955465
zhigalovo,54.8097,105.1578,282.28,44,0,0.83,RU,1620955466
hailar,49.2,119.7,281.95,71,100,3.01,CN,1620955467
santa maria,-29.6842,-53.8069,281.15,100,0,1.03,BR,1620955467
pisco,-13.7,-76.2167,292.15,88,0,5.66,PE,1620955468
maba,24.6841,113.5984,302.3,73,3,3.23,CN,1620955469
muriwai beach,-36.8167,174.45,289.82,75,100,1.79,NZ,1620955470
naftalan,40.5067,46.825,290.15,94,0,2.06,AZ,1620955471
nizhnevartovsk,60.9344,76.5531,275.15,80,0,1.0,RU,1620955471
okhotsk,59.3833,143.3,277.25,67,12,2.12,RU,1620955472
kribi,2.95,9.9167,298.04,87,100,1.68,CM,1620955473
santa vitoria do palmar,-33.5189,-53.3681,284.19,77,99,1.98,BR,1620955474
larreynaga,12.6769,-86.5719,305.22,44,82,4.19,NI,1620955475
cascais,38.6979,-9.4215,288.71,88,4,6.08,PT,1620955476
san jeronimo,-11.9472,-75.2829,283.17,78,67,2.09,PE,1620955477
half moon bay,37.4636,-122.4286,293.15,93,90,3.09,US,1620955478
mocajuba,-2.5842,-49.5072,296.6,97,91,0.88,BR,1620955478
seoul,37.5683,126.9778,295.15,64,98,0.51,KR,1620954910
verkhoyansk,67.5447,133.385,280.02,38,100,3.15,RU,1620955480
alice springs,-23.7,133.8833,291.15,34,0,5.14,AU,1620955412
marrakesh,31.6315,-8.0083,291.15,52,0,3.6,MA,1620955482
shaunavon,49.6501,-108.4181,287.15,44,100,2.06,CA,1620955483
broken hill,-31.95,141.4333,287.15,58,1,6.17,AU,1620955484
sao raimundo das mangabeiras,-7.0219,-45.4811,298.3,65,26,1.84,BR,1620955484
akhuryan,40.78,43.9003,279.15,75,1,1.54,AM,1620955485
kolondieba,11.0882,-6.8926,302.79,32,3,2.16,ML,1620955486
nabire,-3.3667,135.4833,301.6,81,98,0.41,ID,1620955487
innisfail,-17.5333,146.0333,299.55,69,0,2.81,AU,1620955488
karacabey,40.2152,28.4038,286.15,88,0,1.23,TR,1620955379
auki,-8.7676,160.7034,303.13,66,26,1.61,SB,1620955489
lagoa,39.05,-27.9833,290.48,94,96,7.95,PT,1620955233
hokitika,-42.7167,170.9667,284.61,57,65,3.17,NZ,1620955490
rosarito,32.3333,-117.0333,292.15,68,1,5.14,MX,1620955491
kununurra,-15.7667,128.7333,300.15,22,5,5.66,AU,1620955493
gunjur,13.2019,-16.7339,296.15,83,0,5.66,GM,1620955494
ingham,42.6,-84.3833,290.15,30,1,1.94,US,1620955495
mahibadhoo,3.7833,72.9667,302.41,72,100,10.51,MV,1620955496
bambanglipuro,-7.95,110.2833,300.73,77,97,3.76,ID,1620955497
kalaleh,37.3807,55.4916,288.15,88,0,0.52,IR,1620955400
taltal,-25.4,-70.4833,293.14,66,0,1.91,CL,1620955498
cahors,44.4167,1.3333,283.15,93,0,3.09,FR,1620955499
san francisco,37.7749,-122.4194,288.71,67,20,10.29,US,1620954606
hermitage,41.2334,-80.4487,287.15,37,1,2.57,US,1620955375
charcas,23.1333,-101.1167,289.91,70,16,7.12,MX,1620955501
bodden town,19.2833,-81.25,301.15,83,20,1.54,KY,1620955502
jalpan,21.2333,-99.4833,292.43,91,100,1.11,MX,1620955503
bangassou,4.7413,22.8184,293.46,98,100,0.46,CF,1620955504
sabha,27.0377,14.4283,299.53,24,100,6.38,LY,1620955504
lorengau,-2.0226,147.2712,302.74,74,20,4.51,PG,1620955505
dubbo,-32.25,148.6167,287.15,54,40,6.17,AU,1620955506
meulaboh,4.1363,96.1285,298.73,86,93,1.42,ID,1620955507
arkhara,49.4212,130.0842,287.89,60,100,3.43,RU,1620955508
rock falls,41.7798,-89.689,290.15,36,75,1.54,US,1620955509
shimoda,34.6667,138.95,293.15,83,75,3.6,JP,1620955509
la libertad,-2.2333,-80.9,295.24,83,25,3.72,EC,1620955510
miraflores,19.2167,-98.8083,291.15,59,75,6.69,MX,1620955512
anadyr,64.75,177.4833,275.15,87,75,4.0,RU,1620955450
gamba,-2.65,10.0,298.41,87,100,0.24,GA,1620955513
vao,-22.6667,167.4833,297.64,82,0,4.45,NC,1620955453
guerrero negro,27.9769,-114.0611,292.22,64,14,8.85,MX,1620955514
umm lajj,25.0213,37.2685,299.52,58,0,3.91,SA,1620955515
severnoye,56.3491,78.3619,280.46,83,97,4.66,RU,1620955516
fort nelson,58.8053,-122.7002,289.15,36,75,4.12,CA,1620955517
mpongwe,-13.5091,28.155,284.86,83,0,2.16,ZM,1620955518
gelibolu,40.4103,26.6708,293.15,60,0,6.17,TR,1620955518
okakarara,-20.5833,17.4333,284.92,37,0,2.08,NA,1620955278
safaga,26.7292,33.9365,299.15,25,0,5.66,EG,1620955520
kudahuvadhoo,2.6708,72.8944,302.21,73,100,9.17,MV,1620955274
northam,51.0333,-4.2167,282.59,96,100,1.79,GB,1620955521
surt,31.2089,16.5887,291.21,72,10,4.3,LY,1620955522
kenora,49.8167,-94.4337,292.15,26,75,4.12,CA,1620955523
reconquista,-29.15,-59.65,285.37,59,100,2.85,AR,1620955524
verkhniy fiagdon,42.8333,44.3053,284.15,93,2,3.0,RU,1620955524
wagar,16.1525,36.2032,303.11,11,11,2.97,SD,1620955525
ostrovnoy,68.0531,39.5131,276.61,96,70,4.67,RU,1620955526
banda aceh,5.5577,95.3222,300.21,81,99,1.09,ID,1620955527
jizan,17.3333,42.6667,304.15,79,0,2.57,SA,1620955528
qandala,11.472,49.8728,303.59,57,97,0.77,SO,1620955528
darnah,32.767,22.6367,290.76,81,5,4.63,LY,1620955529
awjilah,29.1081,21.2869,294.99,44,5,5.96,LY,1620955530
kodinsk,58.6881,99.1844,283.25,34,81,4.82,RU,1620955531
dabola,10.75,-11.1167,299.58,69,57,1.82,GN,1620955532
kentau,43.5206,68.5094,289.76,50,16,4.19,KZ,1620955533
airai,-8.9266,125.4092,293.69,59,13,2.0,TL,1620955531
fortuna,40.5982,-124.1573,284.82,100,90,4.12,US,1620955534
samarinda,-0.5,117.15,300.39,85,100,1.09,ID,1620955535
kijang,35.2442,129.2139,298.15,53,0,1.03,KR,1620955536
flagstaff,35.1981,-111.6513,297.04,10,1,7.2,US,1620955512
lahaina,20.8783,-156.6825,301.15,54,40,7.72,US,1620955537
yuci,37.6803,112.7319,294.15,56,90,3.0,CN,1620955538
san rafael,-34.6177,-68.3301,287.65,53,65,2.49,AR,1620955292
nunoa,-14.48,-70.6411,277.87,70,2,3.25,PE,1620955539
puerto carreno,6.189,-67.4859,300.86,66,26,2.21,CO,1620955540
tecoanapa,16.5167,-98.75,303.21,67,100,1.73,MX,1620955399
andros town,24.7,-77.7667,299.15,83,20,1.03,BS,1620955542
nioki,-2.7167,17.6833,297.36,75,100,0.95,CD,1620955542
